{
"width": 6000, "height": 4000,
"format": "jpg",
"type":"ptm",
"colorspace":"rgb",
"nplanes": 18,
"quality": 95,
"materials": [
{
 "scale": [0.977619,0.977619,0.977619,0.96198,0.96198,0.96198,0.842498,0.842498,0.842498,0.838557,0.838557,0.838557,0.865789,0.865789,0.865789,1.25767,1.25767,1.25767],
 "bias": [0.0431373,0.0431373,0.0431373,0.47451,0.47451,0.47451,0.462745,0.462745,0.462745,0.513726,0.513726,0.513726,0.47451,0.47451,0.47451,0.615686,0.615686,0.615686] }
]
}
