{
"width": 2825, "height": 4000,
"format": "jpg",
"type":"ptm",
"colorspace":"rgb",
"nplanes": 18,
"quality": 90,
"materials": [
{
 "scale": [0.965019,0.965019,0.965019,1.21294,1.21294,1.21294,1.09105,1.09105,1.09105,0.926158,0.926158,0.926158,1.02851,1.02851,1.02851,1.21281,1.21281,1.21281],
 "bias": [0.00392157,0.00392157,0.00392157,0.505882,0.505882,0.505882,0.478431,0.478431,0.478431,0.501961,0.501961,0.501961,0.443137,0.443137,0.443137,0.541176,0.541176,0.541176] }
]
}
